-- Seed Data for 2009 Vehicles
-- Generated by scripts/generate_seed_data.js
INSERT INTO vehicles (id, year, make, model, external_id, content_source) VALUES ('4f0574a5-9de9-417d-bfea-915c98f56f73', 2009, 'Suzuki', 'Equator Base', '54406:2600', 'MOTOR');

INSERT INTO procedures (id, vehicle_id, title, external_id, description, steps, category_id) VALUES ('da07a35c-5c16-483b-a395-b9919c84a41c', '4f0574a5-9de9-417d-bfea-915c98f56f73', 'ABS Deceleration Sensor Calibrate', 'P:565148915', NULL, '[{"order":1,"text":"Imported content","html":"<h2 class=\"document-header\">ABS Deceleration Sensor Calibrate</h2>\n<p>Calibration of the decel G sensor is required when, replacing ABS actuator and electric unit (control unit), removing and installing or replacing steering angle sensor, replacing steering components, removing and installing or replacing suspension components, and adjusting wheel alignment.</p>\n<ol type=\"1\">\n  <li>Stop vehicle with front wheels in straight-ahead position.</li>\n  <li>On a suitably programmed scan tool screen, touch WORK SUPPORT and DECEL G SEN CALIBRATION in order.</li>\n  <li>Touch START.</li>\n  <li>After approximately 10 seconds, touch END. After approximately 60 seconds, it ends automatically.</li>\n  <li>Turn ignition switch OFF, then turn ignition ON again.</li>\n  <li>Run vehicle with front wheels in straight-ahead position, then stop.</li>\n  <li>Select DATA MONITOR. Then make sure DECEL G SEN is within ± .08G.</li>\n  <li>If inspection result for DECEL G SEN is NOT normal, repeat steps 1 through 7.<"}]', NULL);

INSERT INTO procedures (id, vehicle_id, title, external_id, description, steps, category_id) VALUES ('52ff6311-6366-4efd-84ea-d85b5a9b4a17', '4f0574a5-9de9-417d-bfea-915c98f56f73', 'ABS Hydraulic Control Unit', 'P:551732842', NULL, '[{"order":1,"text":"Imported content","html":"<h2 class=\"document-header\">ABS Hydraulic Control Unit</h2>\n<p>Vehicle Dynamics Control (VDC) system detects driver''s steering operation amount and brake pedal travel from steering angle sensor and pressure sensors. Using information from yaw rate/side/decel G sensor and wheel sensor, VDC judges driving conditions of under steer and over steer, to improve vehicle driving stability by controlling brake application to four wheels and engine output.</p>\n<p>During VDC operation, it informs driver of system operation by flashing SLIP indicator lamp.</p>\n<p>VDC warning lamp and SLIP indicator lamp may turn on when driving on roads, which have extreme slopes such as mountainous roads or high banks such as sharp curves on a freeway. When TCS or VDC is activated by sudden acceleration or sudden turn, some noise may occur. The noise is a result of the normal operation of TCS and VDC. This is not a problem, if normal operation can be resumed after restarting engine.</p>\n<p>Steering angle sensor d"}]', NULL);

INSERT INTO procedures (id, vehicle_id, title, external_id, description, steps, category_id) VALUES ('b46cc5a8-2f3d-42f0-874a-2e69c6af06f8', '4f0574a5-9de9-417d-bfea-915c98f56f73', 'ABS Hydraulic Control Unit R&R', 'P:543637000', 'Component Replacement', '[{"order":1,"text":"Imported content","html":"<h2 class=\"document-header\">ABS Hydraulic Control Unit R&R</h2>\n<ol type=\"1\">\n  <li>Disconnect negative battery terminal.</li>\n  <li>Drain brake fluid into suitable container.</li>\n  <li>Remove air cleaner case, <div style=\"display:block; width:500px; padding:10px; text-align:center; margin:auto\"><image class=''img-fluid img-thumbnail'' style=''max-height: 600px; margin: 30px;'' src=''api/source/MOTOR/graphic/12785181''></image><b>Fig. IRM0900000011591.</b></div>\n  </li>\n  <li>Disconnect ABS control module electrical connector.</li>\n  <li>Loosen flare nuts, then disconnect brake tubes from ABS control module using special tool 09950-78220 or equivalent, <div style=\"display:block; width:500px; padding:10px; text-align:center; margin:auto\"><image class=''img-fluid img-thumbnail'' style=''max-height: 600px; margin: 30px;'' src=''api/source/MOTOR/graphic/12785182''></image><b>Fig. IRM0900000011592.</b></div>\n  </li>\n  <li>Remove three ABS control module attaching bolts, then remove module, <div style="}]', NULL);

INSERT INTO procedures (id, vehicle_id, title, external_id, description, steps, category_id) VALUES ('0e9c684b-6d02-4f26-a95c-f22d1f44ce05', '4f0574a5-9de9-417d-bfea-915c98f56f73', 'ABS Hydraulic Control Unit R&R', 'P:543637001', 'Component Replacement', '[{"order":1,"text":"Imported content","html":"<h2 class=\"document-header\">ABS Hydraulic Control Unit R&R</h2>\n<ol type=\"1\">\n  <li>Remove battery ground cable from battery.</li>\n  <li>Remove air duct and resonator assembly and air cleaner case.</li>\n  <li>Drain brake fluid As described under <q>Drain and Refill.</q></li>\n  <li>Disconnect actuator harness connector from ABS actuator and electric unit, <div style=\"display:block; width:500px; padding:10px; text-align:center; margin:auto\"><image class=''img-fluid img-thumbnail'' style=''max-height: 600px; margin: 30px;'' src=''api/source/MOTOR/graphic/14297937''></image><b>Fig. ESC1100000001226.</b></div>\n  </li>\n  <li>Disconnect brake tubes.</li>\n  <li>Remove three bolts and remove ABS actuator and electric unit.</li>\n  <li>Reverse procedure to install, noting the following:</li>\n  <ol type=\"a\">\n    <li><b>Torque</b> three ABS actuator and electric unit bolts to 15 ft. lbs.</li>\n    <li><b>Torque</b> caliper brake tubes to 120 inch lbs.</li>\n    <li><b>Torque</b> master cylinder brake tubes"}]', NULL);

INSERT INTO procedures (id, vehicle_id, title, external_id, description, steps, category_id) VALUES ('edc70027-9182-4464-8429-ae51295d08b0', '4f0574a5-9de9-417d-bfea-915c98f56f73', 'ABS System Diagnosis & Testing', 'P:550880901', NULL, '[{"order":1,"text":"Imported content","html":"<h2 class=\"document-header\">ABS System Diagnosis & Testing</h2>\n<p>Fluid leakage from brake lines and/or hoses.</p>\n<p>Brake disc or pads stained with fluid.</p>\n<p>Overheated brakes.</p>\n<p>Poor contact of shoes on brake drum.</p>\n<p>Brake shoe linings stained with fluid or wet with water.</p>\n<p>Badly worn brake shoe linings.</p>\n<p>Defective wheel cylinder and/or caliper assembly.</p>\n<p>Air in brake system.</p>\n<p>Faulty ABS system, if equipped.</p>\n<p>Pad or shoe linings are wet with water or stained with fluid in some brakes.</p>\n<p>Drum to shoe clearance out of adjustment in some brakes (faulty auto adjusting mechanism).</p>\n<p>Drum is out of round in some brakes.</p>\n<p>Wheel tires are inflated unequally.</p>\n<p>Defective wheel cylinder and/or caliper assembly.</p>\n<p>Disturbed front end alignment.</p>\n<p>Unmatched tires on same axle.</p>\n<p>Restricted brake pipes or hoses.</p>\n<p>Faulty caliper assembly.</p>\n<p>Loose suspension components.</p>\n<p>Loose calipers.</p>\n<p>Partial"}]', NULL);

INSERT INTO tsbs (id, vehicle_id, bulletin_number, title, content) VALUES ('5e9b8888-ed26-4de2-8d6e-9147bcb847a3', '4f0574a5-9de9-417d-bfea-915c98f56f73', 'TS 06 06257', 'ERROR CODE 7156 WHEN ATTEMPTING TO PROGRAM OR REPROGRAM WITH PASS-THRU REPROGRAMMING SOFTWARE VERSION 1.9.0.2', '');

INSERT INTO tsbs (id, vehicle_id, bulletin_number, title, content) VALUES ('6ba489f8-c51d-45f1-9a5a-38a9c4c3ca31', '4f0574a5-9de9-417d-bfea-915c98f56f73', 'TS 01 11298', 'Inspection and Maintenance Reminder Lower Arm Ball Joint', '');

INSERT INTO tsbs (id, vehicle_id, bulletin_number, title, content) VALUES ('eb8eb6a3-218d-4ede-abf5-a52d15f4f842', '4f0574a5-9de9-417d-bfea-915c98f56f73', 'SC-75', 'CUSTOMER SERVICE CAMPAIGNS 4003 AND 4004 Equator Airbag Control Unit (ACU) Reprogramming', '');

INSERT INTO tsbs (id, vehicle_id, bulletin_number, title, content) VALUES ('81bd671c-82a8-40ae-bcf3-a1c11ca50dbb', '4f0574a5-9de9-417d-bfea-915c98f56f73', 'PI0091B', 'Intermittently Key Will Not Rotate in Door or Ignition Lock Cylinder', '');

INSERT INTO tsbs (id, vehicle_id, bulletin_number, title, content) VALUES ('41bb2576-8aab-47b1-84c3-b937eaee1fcf', '4f0574a5-9de9-417d-bfea-915c98f56f73', '15-H-0006', 'Automatic Transmission 6L45 MYA Garage Shift Clunk When Shifting Between Drive and Reverse', '');

INSERT INTO parts (id, vehicle_id, part_number, description, manufacturer, list_price) VALUES ('cf1afd98-2614-4d20-bfd0-dc83696ba676', '4f0574a5-9de9-417d-bfea-915c98f56f73', '39420-82Z00', '12 Volt Accessory Power Outlet', 'OEM', 10.4);

INSERT INTO parts (id, vehicle_id, part_number, description, manufacturer, list_price) VALUES ('706083a4-f865-43ff-a487-83be4e3d002f', '4f0574a5-9de9-417d-bfea-915c98f56f73', '39471-82Z10', '12 Volt Accessory Power Outlet Cover', 'OEM', 20.2);

INSERT INTO parts (id, vehicle_id, part_number, description, manufacturer, list_price) VALUES ('dbefa8a5-5ea4-43f4-858e-a29eb7f7b2a8', '4f0574a5-9de9-417d-bfea-915c98f56f73', '95200-82Z20', 'A/C Compressor', 'OEM', 1126.28);

INSERT INTO parts (id, vehicle_id, part_number, description, manufacturer, list_price) VALUES ('ff2d4582-d665-4fcf-bf37-c1517116449f', '4f0574a5-9de9-417d-bfea-915c98f56f73', '95310-82Z00', 'A/C Condenser', 'OEM', 759.78);

INSERT INTO parts (id, vehicle_id, part_number, description, manufacturer, list_price) VALUES ('d8df9b88-1366-48e1-ac42-590e98e7e172', '4f0574a5-9de9-417d-bfea-915c98f56f73', '95851-82Z00', 'A/C Condenser Bracket Insulator', 'OEM', 10.87);

INSERT INTO vehicles (id, year, make, model, external_id, content_source) VALUES ('d74f5995-7bae-4bec-bcc2-6b70afc9aa99', 2009, 'Porsche', '911 Carrera', '54490:11690', 'MOTOR');

INSERT INTO procedures (id, vehicle_id, title, external_id, description, steps, category_id) VALUES ('ee6e8c2d-137b-49ca-b5cc-d19c82092e8b', 'd74f5995-7bae-4bec-bcc2-6b70afc9aa99', 'ABS Acceleration Sensor R&R', 'P:563906015', 'With Stability Control', '[{"order":1,"text":"Imported content","html":"<h2 class=\"document-header\">ABS Acceleration Sensor R&R</h2>\n<p>Prior to service, disconnect battery ground cable and isolate as required.</p>"}]', NULL);

INSERT INTO procedures (id, vehicle_id, title, external_id, description, steps, category_id) VALUES ('bdaebee8-1a5c-43b9-bea1-4cb639b9254d', 'd74f5995-7bae-4bec-bcc2-6b70afc9aa99', 'ABS Control Module R&R', 'P:562318667', 'Without Traction Control, Mark II', '[{"order":1,"text":"Imported content","html":"<h2 class=\"document-header\">ABS Control Module R&R</h2>\n<p>Prior to service, disconnect battery ground cable and isolate as required.</p>"}]', NULL);

INSERT INTO procedures (id, vehicle_id, title, external_id, description, steps, category_id) VALUES ('c95cdeaa-b49e-4e4f-a930-490066582c70', 'd74f5995-7bae-4bec-bcc2-6b70afc9aa99', 'ABS Control Module Relearn', 'P:564662106', NULL, '[{"order":1,"text":"Imported content","html":"<h2 class=\"document-header\">ABS Control Module Relearn</h2>\n<p>The Porsche System Tester must be used to calibrate hydraulic unit and control unit.</p>\n<ol type=\"1\">\n  <li>Connect Porsche System Tester to DLC.</li>\n  <li>Read out data from old hydraulic unit/control unit.</li>\n  <li>Switch ignition off.</li>\n  <li>Pull off connector for hydraulic unit and connect connector to new hydraulic unit.</li>\n  <li>Switch on ignition.</li>\n  <li>Transfer data.</li>\n  <li>Disconnect Porsche System Tester from DLC.</li>\n</ol>"}]', NULL);

INSERT INTO procedures (id, vehicle_id, title, external_id, description, steps, category_id) VALUES ('0510ce56-f2fe-40d7-9051-d05c5f4734a3', 'd74f5995-7bae-4bec-bcc2-6b70afc9aa99', 'ABS Control Module Relearn', 'P:564673647', 'With Stability Control', '[{"order":1,"text":"Imported content","html":"<h2 class=\"document-header\">ABS Control Module Relearn</h2>\n<p>If hydraulic unit is replaced, PSM control unit must be coded using Porsche System Tester. Hydraulic unit and PSM control unit form one unit.</p>\n<p>The Porsche System Tester must not be disconnected from diagnostic socket when replacing hydraulic unit.</p>\n<ol type=\"1\">\n  <li>Tun ignition ON.</li>\n  <li>Read data from old hydraulic unit/control unit.</li>\n  <li>Turn ignition OFF.</li>\n  <li>Disconnect connector from hydraulic unit and connect connector to new hydraulic unit.</li>\n  <li>Turn ignition ON.</li>\n  <li>Transfer data.</li>\n</ol>"}]', NULL);

INSERT INTO procedures (id, vehicle_id, title, external_id, description, steps, category_id) VALUES ('4746e650-23c8-4e92-8b11-f74095ddd942', 'd74f5995-7bae-4bec-bcc2-6b70afc9aa99', 'ABS Hydraulic Control Unit', 'P:551732936', NULL, '[{"order":1,"text":"Imported content","html":"<h2 class=\"document-header\">ABS Hydraulic Control Unit</h2>\n<p>The multi-functional information light on instrument panel flashes and hydraulic noises can be heard during PSM operation. The vehicle decelerates, engine power is reduced and, steering-wheel forces are altered as PSM controls the brakes. The brake pedal pulsates and its position is changed during braking. In order to achieve full vehicle deceleration, foot pressure must be increased after brake pedal has begun vibrating.</p>"}]', NULL);

INSERT INTO tsbs (id, vehicle_id, bulletin_number, title, content) VALUES ('bc893818-9b97-40ca-8fed-a11ae5e991e0', 'd74f5995-7bae-4bec-bcc2-6b70afc9aa99', '32/25', 'Overview of Approved Porsche A40 Engine Oils (32/25)', '');

INSERT INTO tsbs (id, vehicle_id, bulletin_number, title, content) VALUES ('20e0b75b-d6ad-436c-9bce-f5d18b2b1dad', 'd74f5995-7bae-4bec-bcc2-6b70afc9aa99', '1403.1', 'Squeak and/or Rattle from the Dash or Instrument Cluster Area', '');

INSERT INTO tsbs (id, vehicle_id, bulletin_number, title, content) VALUES ('41773ba3-2230-40a8-90e5-039914e5fc5b', 'd74f5995-7bae-4bec-bcc2-6b70afc9aa99', '2417', 'Damage(s) to Clearcoat from Paint Protection Film (PPF) Application', '');

INSERT INTO tsbs (id, vehicle_id, bulletin_number, title, content) VALUES ('fea5181c-2e81-442b-8658-4cdc2a6298f5', 'd74f5995-7bae-4bec-bcc2-6b70afc9aa99', '2234', 'Improper Odometer and/or Speedometer Function', '');

INSERT INTO tsbs (id, vehicle_id, bulletin_number, title, content) VALUES ('32b9e41d-3584-4853-8c7c-54efb40d09c3', 'd74f5995-7bae-4bec-bcc2-6b70afc9aa99', '1804.1', 'Lubricant for Sunroof/Sliding Roof Mechanisms', '');

INSERT INTO parts (id, vehicle_id, part_number, description, manufacturer, list_price) VALUES ('8e05f22c-e455-45e8-82c7-1904cd8c9493', 'd74f5995-7bae-4bec-bcc2-6b70afc9aa99', '95565210700', '12 Volt Accessory Power Outlet', 'OEM', 27.71);

INSERT INTO parts (id, vehicle_id, part_number, description, manufacturer, list_price) VALUES ('7ad07bbc-1367-4c45-9a51-88ba125f8e71', 'd74f5995-7bae-4bec-bcc2-6b70afc9aa99', '99765210300', '12 Volt Accessory Power Outlet Housing', 'OEM', 12.8);

INSERT INTO parts (id, vehicle_id, part_number, description, manufacturer, list_price) VALUES ('f76029dc-8eab-40cb-8ae6-59e5fa8956c1', 'd74f5995-7bae-4bec-bcc2-6b70afc9aa99', '99765210400', '12 Volt Accessory Power Outlet Housing - Center', 'OEM', 12.8);

INSERT INTO parts (id, vehicle_id, part_number, description, manufacturer, list_price) VALUES ('649ab017-a770-4b43-a2be-e9662e3be958', 'd74f5995-7bae-4bec-bcc2-6b70afc9aa99', '9A112601105', 'A/C Compressor - Incl.A/C Compressor Clutch', 'OEM', 2517.11);

INSERT INTO parts (id, vehicle_id, part_number, description, manufacturer, list_price) VALUES ('87bd7ae4-1062-4e66-876b-31ee852b55c9', 'd74f5995-7bae-4bec-bcc2-6b70afc9aa99', '99757324301', 'A/C Compressor Relief Valve', 'OEM', 170.21);

INSERT INTO vehicles (id, year, make, model, external_id, content_source) VALUES ('33011d6b-1af8-4142-b3e8-426566bd06f0', 2009, 'Hyundai', 'Accent GLS', '54145:3025', 'MOTOR');

INSERT INTO procedures (id, vehicle_id, title, external_id, description, steps, category_id) VALUES ('56208171-9a01-43fe-bbf1-5ac7fa6cf151', '33011d6b-1af8-4142-b3e8-426566bd06f0', 'ABS Control Module R&R', 'P:539621349', NULL, '[{"order":1,"text":"Imported content","html":"<h2 class=\"document-header\">ABS Control Module R&R</h2>\n<ol type=\"1\">\n  <li>Remove air-cleaner and intake hose.</li>\n  <li><b>On Santa Fe models, </b>remove ECM (Engine Control Module).</li>\n  <li><b>On all models, </b>disconnect double lock connector from HECU.</li>\n  <li>Disconnect brake tubes from HECU.</li>\n  <li>Remove HECU bracket mounting bolts and remove HECU. Never attempt to disassemble HECU. HECU must be transported and stored in an upright position and with ports sealed. HECU must not be drained.</li>\n  <li>Reverse procedure to install, noting the following:</li>\n  <ol type=\"a\">\n    <li><b>On Accent and Sonata models torque </b> bracket mounting bolts to 72 to 84 inch lbs.</li>\n    <li><b>On Azera, Elantra, Entourage, Santa Fe, Tiburon, Tucson and Veracruz models torque </b> bracket mounting bolts to 12 to 19 ft. lbs.</li>\n  </ol>\n</ol>"}]', NULL);

INSERT INTO procedures (id, vehicle_id, title, external_id, description, steps, category_id) VALUES ('9ab28d8a-27af-434c-bebd-3a26619f2144', '33011d6b-1af8-4142-b3e8-426566bd06f0', 'ABS Control Module R&R', 'P:562318482', 'Without Traction Control, Mark II', '[{"order":1,"text":"Imported content","html":"<h2 class=\"document-header\">ABS Control Module R&R</h2>\n<p>Prior to service, disconnect battery ground cable and isolate as required.</p>"}]', NULL);

INSERT INTO procedures (id, vehicle_id, title, external_id, description, steps, category_id) VALUES ('34de001c-0dae-4397-ac11-43835b6e5cb8', '33011d6b-1af8-4142-b3e8-426566bd06f0', 'ABS Hydraulic Control Unit R&R', 'P:562942355', 'Without Traction Control, Mark II', '[{"order":1,"text":"Imported content","html":"<h2 class=\"document-header\">ABS Hydraulic Control Unit R&R</h2>\n<p>Prior to service, disconnect battery ground cable and isolate as required.</p>"}]', NULL);

INSERT INTO procedures (id, vehicle_id, title, external_id, description, steps, category_id) VALUES ('67c04557-5c7e-4789-9ddd-088d5bf1a528', '33011d6b-1af8-4142-b3e8-426566bd06f0', 'ABS System Inspect', 'P:554431031', NULL, '[{"order":1,"text":"Imported content","html":"<h2 class=\"document-header\">ABS System Inspect</h2>\n<p>A visual inspection must always be performed to confirm the presence of aftermarket components, potential collision damage, or areas of concern.</p>\n<p>The ABS module is self monitoring. The module will carry out a preliminary electrical inspection of the hydraulic pump motor by turning the pump ON for approximately <sup>1/2</sup> second either when the ignition switch is turned to the RUN position and the brake pedal is not pressed or when the vehicle is in motion and at vehicle speeds above 12 mph. The ABS module will also carry out a wheel speed sensor self-test by sending a reference voltage to all of the wheel speed sensors through their circuitry when the ignition switch is turned to the RUN position, with or without brake pedal application. If a fault is detected in the pump or wheel speed sensors, the ABS module will shut down and disable the anti-lock system. Normal power assisted braking, however, remains.</p>\n<ol type=\"1"}]', NULL);

INSERT INTO procedures (id, vehicle_id, title, external_id, description, steps, category_id) VALUES ('993fbfb1-b8bd-4ec0-bbca-9ee88b84cd76', '33011d6b-1af8-4142-b3e8-426566bd06f0', 'ABS Warning Lamp Reset', 'P:564692217', NULL, '[{"order":1,"text":"Imported content","html":"<h2 class=\"document-header\">ABS Warning Lamp Reset</h2>\n<p>Anti-Lock warning lamp is used to warn of a system fault. It will be lit during engine start up, but should go out when self diagnostic system determines that system is functioning properly. If lamp remains lit, a fault in anti-lock brake system is indicated. Following diagnosis and repair of system, lamp may be turned off using a suitably programmed scan tool. Follow tool manufacturer instructions.</p>"}]', NULL);

INSERT INTO tsbs (id, vehicle_id, bulletin_number, title, content) VALUES ('d6dcb404-3fe0-4f34-b74a-38e158dad367', '33011d6b-1af8-4142-b3e8-426566bd06f0', '25-BD-012H', 'INFORMATION FOR LAMP CONDENSATION', '');

INSERT INTO tsbs (id, vehicle_id, bulletin_number, title, content) VALUES ('c7d0e230-67fb-4065-be42-fec5955d6ca6', '33011d6b-1af8-4142-b3e8-426566bd06f0', '25-SST-002H', 'REPLACEMENT KNOBS FOR HV BATTERY LIFTING FIXTURE', '');

INSERT INTO tsbs (id, vehicle_id, bulletin_number, title, content) VALUES ('777bb9d8-3fcd-464f-8a49-673d1a2b4937', '33011d6b-1af8-4142-b3e8-426566bd06f0', '25-EE-007H', 'SERVICE AND MAINTENANCE INFORMATION FOR 12V INTEGRATED LITHIUM-ION POLYMER BATTERY SYSTEMS', '');

INSERT INTO tsbs (id, vehicle_id, bulletin_number, title, content) VALUES ('7ad7c751-08f8-4bf5-aa97-4b7e2c7b9272', '33011d6b-1af8-4142-b3e8-426566bd06f0', '25-EE-006H', 'DCA-8000 BATTERY TESTER/DIAGNOSTIC CHARGER TOOL & BATTERY WARRANTY POLICY', '');

INSERT INTO tsbs (id, vehicle_id, bulletin_number, title, content) VALUES ('c98bc48d-3ef0-489c-bee5-54f7ef15ce03', '33011d6b-1af8-4142-b3e8-426566bd06f0', '25-EM-006H', 'BEARING CLEARANCE TEST SERVICE PROCEDURE', '');

INSERT INTO parts (id, vehicle_id, part_number, description, manufacturer, list_price) VALUES ('276e5123-168e-4a36-abfc-223b195e4102', '33011d6b-1af8-4142-b3e8-426566bd06f0', '97701-17511', 'A/C Compressor - Incl.A/C Compressor Clutch', 'OEM', 1055.66);

INSERT INTO parts (id, vehicle_id, part_number, description, manufacturer, list_price) VALUES ('42b0b479-d858-4e3f-aeac-b9d18ca53434', '33011d6b-1af8-4142-b3e8-426566bd06f0', '97641-1E000', 'A/C Compressor Clutch Coil', 'OEM', 118.82);

INSERT INTO parts (id, vehicle_id, part_number, description, manufacturer, list_price) VALUES ('30d09ff4-885a-4c9e-9bad-e86098c74064', '33011d6b-1af8-4142-b3e8-426566bd06f0', '97644-3K120', 'A/C Compressor Clutch Hub', 'OEM', 173.15);

INSERT INTO parts (id, vehicle_id, part_number, description, manufacturer, list_price) VALUES ('01be423e-d46a-4b4b-a453-06ed4743be74', '33011d6b-1af8-4142-b3e8-426566bd06f0', '97643-09000', 'A/C Compressor Clutch Pulley', 'OEM', 232.19);

INSERT INTO parts (id, vehicle_id, part_number, description, manufacturer, list_price) VALUES ('d8516a55-be28-4be9-822d-b50ae6094433', '33011d6b-1af8-4142-b3e8-426566bd06f0', '97606-1E000', 'A/C Condenser', 'OEM', 635.6);

INSERT INTO vehicles (id, year, make, model, external_id, content_source) VALUES ('6a7426dc-ca90-4672-855b-8590854b05e2', 2009, 'Ford', 'Crown Victoria', '2009:Ford:Crown+Victoria', 'MOTOR');

INSERT INTO vehicles (id, year, make, model, external_id, content_source) VALUES ('59914b93-2d1a-4426-b22c-654d24866081', 2009, 'BMW', '128i Base', '53947:3525', 'MOTOR');

INSERT INTO procedures (id, vehicle_id, title, external_id, description, steps, category_id) VALUES ('d18645c1-dd9b-4632-abb5-57a76bc54097', '59914b93-2d1a-4426-b22c-654d24866081', 'ABS Control Module R&R', 'P:539621036', 'Component Replacement', '[{"order":1,"text":"Imported content","html":"<h2 class=\"document-header\">ABS Control Module R&R</h2>\n<ol type=\"1\">\n  <li>As required, remove hydraulic control unit.</li>\n  <li>Disconnect control unit electrical connector.</li>\n  <li>Remove mounting bolts and control module.</li>\n  <li>Reverse procedure to install.</li>\n  <ol type=\"a\">\n    <li>If hydraulic unit was removed, bleed brakes as outlined in <q>Brake System Bleed.</q></li>\n    <li>Refer to <q>Control Module Programming</q> for hydraulic control unit module programming procedure.</li>\n    <li>Refer to <q>Control Module Programming</q> for steering angle sensor programming procedure.</li>\n  </ol>\n</ol>"}]', NULL);

INSERT INTO procedures (id, vehicle_id, title, external_id, description, steps, category_id) VALUES ('c32df399-fd26-4766-9691-6fe9894777ba', '59914b93-2d1a-4426-b22c-654d24866081', 'ABS Control Module R&R', 'P:539621037', 'Component Replacement', '[{"order":1,"text":"Imported content","html":"<h2 class=\"document-header\">ABS Control Module R&R</h2>\n<ol type=\"1\">\n  <li>Disconnect battery ground cable.</li>\n  <li>Remove hydraulic unit as outlined under <q>Hydraulic Unit.</q> Removing pump motor from valve block is not permitted.</li>\n  <li>Close off pipe connections with plugs.</li>\n  <li>Remove screws from control unit, <div style=\"display:block; width:500px; padding:10px; text-align:center; margin:auto\"><image class=''img-fluid img-thumbnail'' style=''max-height: 600px; margin: 30px;'' src=''api/source/MOTOR/graphic/14351359''></image><b>Fig. ESC1100000003274.</b></div>\n  </li>\n  <li>Carefully remove control unit.</li>\n  <li>Reverse procedure to install, noting the following:</li>\n  <ol type=\"a\">\n    <li><b>Torque</b> DSC control unit to hydraulic unit screws to 44 inch lbs.</li>\n    <li>Carry out programming/encoding.</li>\n    <li>Adjustment of steering angle sensor.</li>\n    <li>Brake line interchange inspection.</li>\n  </ol>\n</ol>"}]', NULL);

INSERT INTO procedures (id, vehicle_id, title, external_id, description, steps, category_id) VALUES ('fc9289a3-1de9-4353-80d2-2e968e68f742', '59914b93-2d1a-4426-b22c-654d24866081', 'ABS Control Module R&R', 'P:562310703', 'Precautions', '[{"order":1,"text":"Imported content","html":"<h2 class=\"document-header\">ABS Control Module R&R</h2>\n<p>Prior to service, disconnect battery ground cable and isolate as required.</p><hr><p>Some original radios have a coded theft protection circuit. Obtain customer code number before disconnecting battery, removing fuses from underhood fuse/relay box or removing radio.</p>\n<ol type=\"1\">\n  <li>After servicing vehicle, connect power to radio and turn ignition switch to <q>1</q> position.</li>\n  <li>Press CODE. - - - - CODE is displayed.</li>\n  <li>Enter number using entry keys to.</li>\n  <li>Press SET/RES.</li>\n  <li>Turn ignition switch to <q>0</q> position.</li>\n  <li>If LED flashes for approximately 10 seconds, ensure hood and radio are properly closed and installed.</li>\n</ol>"}]', NULL);

INSERT INTO procedures (id, vehicle_id, title, external_id, description, steps, category_id) VALUES ('b34a5caa-ddb0-4991-93a4-0d374640be43', '59914b93-2d1a-4426-b22c-654d24866081', 'ABS Control Module Relearn', 'P:564661784', NULL, '[{"order":1,"text":"Imported content","html":"<h2 class=\"document-header\">ABS Control Module Relearn</h2>\n<p>After replacing hydraulic control module control unit, it must be programmed to ensure proper function.</p>\n<ol type=\"1\">\n  <li>Obtain Progman ISTA/P programming system, or equivalent scan tool.</li>\n  <li>Connect battery charger.</li>\n  <li>Ensure battery voltage does not drop below 13 volts during programming.</li>\n  <li>To initiate programming utilizing ISTA/P, proceed as follows:</li>\n  <ol type=\"a\">\n    <li>Identify vehicle and read out control unit data.</li>\n    <li>Draw up and configure measures plan.</li>\n    <li>Prepare programming, export CBS/CKM data.</li>\n    <li>Carry out repair measures, replace control units, as required.</li>\n    <li>Identify vehicle again after repair. Update measures plan.</li>\n    <li>Perform programming.</li>\n    <li>Assess programming afterwards, import CBS/CKM data.</li>\n  </ol>\n  <li>To initiate programming utilizing Progman, proceed as follows:</li>\n  <ol type=\"a\">\n    <li>Proceed t"}]', NULL);

INSERT INTO procedures (id, vehicle_id, title, external_id, description, steps, category_id) VALUES ('0b2a4f9e-9314-4635-8b0b-42fc233ba1ad', '59914b93-2d1a-4426-b22c-654d24866081', 'ABS Hydraulic Control Unit R&R', 'P:543636101', 'Component Replacement', '[{"order":1,"text":"Imported content","html":"<h2 class=\"document-header\">ABS Hydraulic Control Unit R&R</h2>\n<ol type=\"1\">\n  <li>Remove lower section of microfilter housing, as required.</li>\n  <li>Remove upper center bulkhead sound insulation, as required.</li>\n  <li>Disconnect and position coolant expansion tank aside, as required.</li>\n  <li>Install pedal support to prevent fluid loss from master cylinder.</li>\n  <li>Remove lefthand side front wheel arch panel and underbody paneling to access hydraulic control unit, as required.</li>\n  <li>Remove underbody shield, as required.</li>\n  <li>Disconnect hydraulic control unit electrical connector.</li>\n  <li>Mark brake lines for installation reference.</li>\n  <li>Remove brake lines.</li>\n  <li>Remove mounting screws and hydraulic unit.</li>\n  <li>Reverse procedure to install. Bleed brake system as outlined in <q>Brake System Bleed.</q></li>\n</ol>"}]', NULL);

INSERT INTO tsbs (id, vehicle_id, bulletin_number, title, content) VALUES ('48d9d51c-acdc-4f9b-ac85-5a73cdf0ce70', '59914b93-2d1a-4426-b22c-654d24866081', 'SIB 11 09 25', 'TORX AND TORX PLUS TOOLS - REMOVING ENGINE FASTENERS', '');

INSERT INTO tsbs (id, vehicle_id, bulletin_number, title, content) VALUES ('bc535c77-f9f5-45ba-8b43-7491d79a3b28', '59914b93-2d1a-4426-b22c-654d24866081', 'SIB 00 04 25', '1,200 MILE RUN-IN FLUID SERVICE', '');

INSERT INTO tsbs (id, vehicle_id, bulletin_number, title, content) VALUES ('5765985d-22c4-49ea-a356-5c411c81db32', '59914b93-2d1a-4426-b22c-654d24866081', 'SIB 66 11 25', 'DIAGNOSTIC HINT: SPEED LIMIT INFO (SLI) FUNCTIONALITY', '');

INSERT INTO tsbs (id, vehicle_id, bulletin_number, title, content) VALUES ('4476cc74-dbc2-4df5-8272-1c3c6bf3afed', '59914b93-2d1a-4426-b22c-654d24866081', 'SIB 66 04 25', 'INFORMATIONAL HINT: ADCAM & AUGMENTED CAMERA FUNCTIONS & INSTALLED LOCATIONS', '');

INSERT INTO tsbs (id, vehicle_id, bulletin_number, title, content) VALUES ('8881d402-fdaf-4270-aabd-89250f6d4ebc', '59914b93-2d1a-4426-b22c-654d24866081', 'SIB 72 02 13', 'Lower Belt Buckle for Front or Rear Seat May Not Function', '');

INSERT INTO parts (id, vehicle_id, part_number, description, manufacturer, list_price) VALUES ('e681e140-ea8e-4428-bef8-6423433072c6', '59914b93-2d1a-4426-b22c-654d24866081', '61349302183', '12 Volt Accessory Power Outlet - Center - W/O STORAGE COMPARTMENT', 'OEM', 9.16);

INSERT INTO parts (id, vehicle_id, part_number, description, manufacturer, list_price) VALUES ('fc07a5b2-c62b-4b58-b20b-0bf120d99b77', '59914b93-2d1a-4426-b22c-654d24866081', '61346843098', '12 Volt Accessory Power Outlet - W/STORAGE COMPARTMENT', 'OEM', 10.41);

INSERT INTO parts (id, vehicle_id, part_number, description, manufacturer, list_price) VALUES ('fa3d77e9-0dd2-4277-b913-dfc323320fe1', '59914b93-2d1a-4426-b22c-654d24866081', '61349316116', '12 Volt Accessory Power Outlet Cover - Center - W/O STORAGE COMPARTMENT', 'OEM', 6.22);

INSERT INTO parts (id, vehicle_id, part_number, description, manufacturer, list_price) VALUES ('c8460424-3804-4421-b8e9-f7e12f38b59b', '59914b93-2d1a-4426-b22c-654d24866081', '51476964057', '12 Volt Accessory Power Outlet Cover - Rear - COUPE - Coupe', 'OEM', 38.36);

INSERT INTO parts (id, vehicle_id, part_number, description, manufacturer, list_price) VALUES ('4ef9519f-b3f2-42d2-a81e-67522be3af82', '59914b93-2d1a-4426-b22c-654d24866081', '51169110459', '12 Volt Accessory Power Outlet Housing - beige, W/O STORAGE COMPARTMENT', 'OEM', 65.68);
